<?xml version="1.0" encoding="UTF-8"?>
<project-private xmlns="http://www.netbeans.org/ns/project-private/1">
    <editor-bookmarks xmlns="http://www.netbeans.org/ns/editor-bookmarks/2" lastBookmarkId="0"/>
    <open-files xmlns="http://www.netbeans.org/ns/projectui-open-files/2">
        <group>
            <file>file:/C:/Users/yulia/OneDrive/Escritorio/juegoshazar/juegoshazar/src/juegoshazar/im1.png</file>
            <file>file:/C:/Users/yulia/OneDrive/Escritorio/juegoshazar/juegoshazar/src/juegoshazar/im2.png</file>
            <file>file:/C:/Users/yulia/OneDrive/Escritorio/juegoshazar/juegoshazar/src/juegoshazar/graficos.java</file>
            <file>file:/C:/Users/yulia/OneDrive/Escritorio/juegoshazar/juegoshazar/src/juegoshazar/im4.png</file>
            <file>file:/C:/Users/yulia/OneDrive/Escritorio/juegoshazar/juegoshazar/src/juegoshazar/it7.png</file>
            <file>file:/C:/Users/yulia/OneDrive/Escritorio/juegoshazar/juegoshazar/src/juegoshazar/it8.png</file>
            <file>file:/C:/Users/yulia/OneDrive/Escritorio/juegoshazar/juegoshazar/src/juegoshazar/Juegoshazar.java</file>
            <file>file:/C:/Users/yulia/OneDrive/Escritorio/juegoshazar/juegoshazar/src/juegoshazar/it6.png</file>
            <file>file:/C:/Users/yulia/OneDrive/Escritorio/juegoshazar/juegoshazar/src/juegoshazar/img1.png</file>
            <file>file:/C:/Users/yulia/OneDrive/Escritorio/juegoshazar/juegoshazar/src/juegoshazar/img2.png</file>
            <file>file:/C:/Users/yulia/OneDrive/Escritorio/juegoshazar/juegoshazar/src/juegoshazar/img3.png</file>
            <file>file:/C:/Users/yulia/OneDrive/Escritorio/juegoshazar/juegoshazar/src/juegoshazar/it5.png</file>
        </group>
    </open-files>
</project-private>
